model,acc_mean,acc_std,macro_f1_mean,macro_f1_std,noise,level,denoise
LDA,0.3770313580077681,0.008122780549112073,0.375996538601272,0.007888023717226534,clean,0.0,none
SVM_RBF,0.7259269124404465,0.004064316087760636,0.7267389153701616,0.003912431627581845,clean,0.0,none
RF,0.9207804208172462,0.0047250438664110175,0.9207315153383403,0.004708807304256996,clean,0.0,none
LDA,0.3695465753328059,0.004867132128290467,0.36805385011040614,0.0048744124199737665,wgn,20.0,none
SVM_RBF,0.7249707551784684,0.0034431554599071356,0.7257267602871631,0.003253572503232389,wgn,20.0,none
RF,0.9134320785312211,0.0043271496145973545,0.9133945869661219,0.004275930051651399,wgn,20.0,none
LDA,0.36542171698639,0.0054514491746974845,0.3641336831449132,0.005094755956654566,wgn,20.0,notch
SVM_RBF,0.7235230297116492,0.0053629988960126615,0.7243083739870768,0.005233265665978317,wgn,20.0,notch
RF,0.9094710762530855,0.003348162064241739,0.9094248302888225,0.0033904182432242086,wgn,20.0,notch
LDA,0.28691237478024645,0.006166566836494749,0.28430183824069616,0.006289012168393824,wgn,20.0,wavelet
SVM_RBF,0.538175691746877,0.008966812926602036,0.5380106846576137,0.008839438896733734,wgn,20.0,wavelet
RF,0.6545469974999423,0.008743750744874853,0.6548747382631545,0.008435447964901966,wgn,20.0,wavelet
LDA,0.3418471765413419,0.004173639740896493,0.3410708796253618,0.00439114490463546,wgn,20.0,kalman
SVM_RBF,0.7260088236849083,0.0032124475208337912,0.7266770585486482,0.003025667933703063,wgn,20.0,kalman
RF,0.8034802578193171,0.0038815035007324777,0.8037603464821371,0.0037873669781914037,wgn,20.0,kalman
LDA,0.316688007591621,0.009046297647368843,0.3136828300051389,0.008944923294849312,wgn,20.0,pca
SVM_RBF,0.6525803851559692,0.006443323103360648,0.6542009443257648,0.006092223349400261,wgn,20.0,pca
RF,0.8616659256200083,0.005077371699673215,0.8618619776722134,0.004944936283331796,wgn,20.0,pca
LDA,0.35373009383079684,0.003949349440152416,0.3523505411417628,0.00399496009903018,wgn,10.0,none
SVM_RBF,0.7166936265373329,0.003256383185681328,0.7175009710144542,0.003075391790982399,wgn,10.0,none
RF,0.880433017745832,0.00561466389365719,0.8803453108661785,0.005629383820143006,wgn,10.0,none
LDA,0.3513534178431225,0.005647398637055562,0.3499916644849708,0.005543795263644858,wgn,10.0,notch
SVM_RBF,0.7115308563881424,0.005962226392845544,0.7121547926751738,0.005537211183968085,wgn,10.0,notch
RF,0.8767723119249139,0.0026915416135035687,0.876761282601997,0.0026675411491781597,wgn,10.0,notch
LDA,0.27789772406954494,0.006090016718730503,0.27528731541234175,0.006687351926468272,wgn,10.0,wavelet
SVM_RBF,0.5277406155864705,0.004239205492204095,0.5276339440706082,0.004000315283773878,wgn,10.0,wavelet
RF,0.6343595060416912,0.0033813293845624827,0.6341835542541959,0.0030799481051212037,wgn,10.0,wavelet
LDA,0.3282977605441885,0.0037657114018832334,0.3267950040168441,0.0038793117172235413,wgn,10.0,kalman
SVM_RBF,0.7152184518118133,0.0035070147497265557,0.7160128736954301,0.0035187221327500516,wgn,10.0,kalman
RF,0.7758080321896192,0.005569180612971093,0.7759923781203286,0.005475913683062706,wgn,10.0,kalman
LDA,0.3021554327985473,0.006540979524282025,0.29839445289977645,0.006112544576485086,wgn,10.0,pca
SVM_RBF,0.6447132380756626,0.008800693013450298,0.6462183721046081,0.008566344468543746,wgn,10.0,pca
RF,0.8194062192177569,0.007833685106005168,0.8197572284086798,0.007848431936612653,wgn,10.0,pca
LDA,0.30442266620018726,0.005349542937891892,0.3015891225764365,0.005017217922254428,wgn,0.0,none
SVM_RBF,0.6804437071744274,0.004862253185714611,0.6810875392921325,0.00480398911820457,wgn,0.0,none
RF,0.7925534642124832,0.0058663289189926655,0.7924574103318174,0.005825231196537993,wgn,0.0,none
LDA,0.3059523178356269,0.006892042785023681,0.30287391987970547,0.006931145549185918,wgn,0.0,notch
SVM_RBF,0.6805801997979195,0.005660298361675889,0.6811941660341703,0.005583977640414593,wgn,0.0,notch
RF,0.7868170243309678,0.007510340258572984,0.7867740453414329,0.007415141997160713,wgn,0.0,notch
LDA,0.2630644722532095,0.004376069882828252,0.2582724741699297,0.004336790514367818,wgn,0.0,wavelet
SVM_RBF,0.5284507443629307,0.006530125622202841,0.5282926589805141,0.006411638215390915,wgn,0.0,wavelet
RF,0.6185976656153468,0.0036058294909983757,0.6181756152858812,0.003374142000812108,wgn,0.0,wavelet
LDA,0.29202074264030975,0.0046794061239886645,0.2881213648319861,0.00469286683485581,wgn,0.0,kalman
SVM_RBF,0.6823557978360044,0.004003286377966987,0.6830039419062535,0.003927066624590365,wgn,0.0,kalman
RF,0.7274020573176488,0.005785474288583238,0.7275271797596486,0.005753295677971224,wgn,0.0,kalman
LDA,0.2596773187973024,0.006875735504453124,0.25343939775196156,0.006667338588361395,wgn,0.0,pca
SVM_RBF,0.6115773936456887,0.009751715730675261,0.6125840083074255,0.009375935180740227,wgn,0.0,pca
RF,0.7260359707293971,0.006149845693368518,0.7264389247911293,0.005902577661598483,wgn,0.0,pca
LDA,0.2880869247170594,0.004429568358270738,0.2835505180113254,0.004480878411183262,wgn,-5.0,none
SVM_RBF,0.6689430796695239,0.002321249201593081,0.6695954092679435,0.002194643550881767,wgn,-5.0,none
RF,0.7717924261462155,0.007080303963616879,0.7715881919149679,0.0069650228030721005,wgn,-5.0,none
LDA,0.2890703596099139,0.005270233753085749,0.28467657102680016,0.005356840685311189,wgn,-5.0,notch
SVM_RBF,0.6645179397900491,0.004702360235444142,0.6650550704389151,0.0047041516810528644,wgn,-5.0,notch
RF,0.7715738767677152,0.0053087382279863714,0.7715151022295939,0.005211344416906079,wgn,-5.0,notch
LDA,0.2573549294365261,0.003983151295330511,0.25221730548043586,0.0038470988230233675,wgn,-5.0,wavelet
SVM_RBF,0.5327943572950276,0.0051334719384416826,0.5327097412770173,0.005017977314852057,wgn,-5.0,wavelet
RF,0.6208104482243442,0.00843905486159124,0.6203251642888834,0.008436198343965364,wgn,-5.0,wavelet
LDA,0.2810664773885379,0.0055675541887495825,0.27614967141458147,0.005563086576519174,wgn,-5.0,kalman
SVM_RBF,0.667577205750532,0.003638485762851269,0.6680978861968241,0.0035719308454352267,wgn,-5.0,kalman
RF,0.7126505824283479,0.007061542185464732,0.7125812237363984,0.0070299034977221635,wgn,-5.0,kalman
LDA,0.253011659760077,0.009474605628759968,0.24555656501378773,0.009435052340258978,wgn,-5.0,pca
SVM_RBF,0.6009509188823103,0.005635674576728419,0.6018615235517988,0.0055905656109377115,wgn,-5.0,pca
RF,0.704428255297582,0.005266707088039757,0.7047236869335629,0.005242712804306534,wgn,-5.0,pca
LDA,0.36725204564509134,0.005035397962499376,0.36587335742059396,0.004678106337154506,pink,20.0,none
SVM_RBF,0.726090809550163,0.004294192182709678,0.7268680436154703,0.004192409175917866,pink,20.0,none
RF,0.9129130983780762,0.004836254291733496,0.9128750746875628,0.004826238506024534,pink,20.0,none
LDA,0.3654216834070331,0.005027418298642758,0.3641902828991529,0.004696517436303586,pink,20.0,notch
SVM_RBF,0.7233045325677041,0.004823717020000355,0.7241058886939863,0.0046927194432747265,pink,20.0,notch
RF,0.9093344978156814,0.004257489906740954,0.9092416152676185,0.004209188013028871,pink,20.0,notch
LDA,0.28633873116519887,0.006648371989823463,0.2832906591972237,0.007082376863756855,pink,20.0,wavelet
SVM_RBF,0.5404705273798427,0.009658196930319987,0.5403419719425747,0.009460332791475099,pink,20.0,wavelet
RF,0.6547381722405353,0.006252036857853291,0.6548108887127746,0.00636644222087224,pink,20.0,wavelet
LDA,0.3386783597946749,0.003395869109447949,0.3374689145218868,0.0032920408630912985,pink,20.0,kalman
SVM_RBF,0.7263366104422622,0.003667017085278768,0.7271339796862135,0.0034889927829146253,pink,20.0,kalman
RF,0.8023330041685787,0.00512185974745797,0.8026642894899426,0.0049516068733607334,pink,20.0,kalman
LDA,0.3157594898713653,0.007960794989395871,0.3125443251302141,0.007886280325004833,pink,20.0,pca
SVM_RBF,0.6529629883478513,0.0086608824691761,0.6546270899559259,0.008375131586449695,pink,20.0,pca
RF,0.8589341479337074,0.0021542872985014687,0.8591446147858044,0.0020689268974737373,pink,20.0,pca
LDA,0.34711923257290145,0.006313148575444616,0.34552509607954146,0.006213217226747496,pink,10.0,none
SVM_RBF,0.7217474428666831,0.003894683879983421,0.7225412384182509,0.003832219044720143,pink,10.0,none
RF,0.886934298369226,0.002057337363639196,0.8868568603764059,0.001953948628785415,pink,10.0,none
LDA,0.3503973314708978,0.005441082530691634,0.34886263443596494,0.005213605173425998,pink,10.0,notch
SVM_RBF,0.719316159382701,0.0036602216392898623,0.7200385429780264,0.0034193934648761803,pink,10.0,notch
RF,0.885322645944373,0.002713135968667774,0.8852572451633476,0.002700380928015692,pink,10.0,notch
LDA,0.28295129415027825,0.006481168721149694,0.2794136134260463,0.006586304754702645,pink,10.0,wavelet
SVM_RBF,0.5457427065357108,0.007557596921589347,0.5456828903887293,0.007349094016902673,pink,10.0,wavelet
RF,0.6692436111822393,0.008330315876028477,0.6694447047753772,0.008241792214262857,pink,10.0,wavelet
LDA,0.3248011383849695,0.006997823906777324,0.3230903862070566,0.006714097622270466,pink,10.0,kalman
SVM_RBF,0.7142351736226242,0.0035582755213191823,0.7148574776923026,0.0031586673960513575,pink,10.0,kalman
RF,0.7813535062687622,0.005559635011742944,0.7815493540150577,0.005393988370700895,pink,10.0,kalman
LDA,0.3030567288535213,0.0073324495838549665,0.29877609044785497,0.007012829241418937,pink,10.0,pca
SVM_RBF,0.6529082129547591,0.007209446360697718,0.6544342484694402,0.006900385917473584,pink,10.0,pca
RF,0.8288032455269219,0.0036916026557975677,0.8289815386407154,0.003672779198544087,pink,10.0,pca
LDA,0.3170428891589084,0.00549469555453676,0.31453952574255833,0.005208507375207142,pink,0.0,none
SVM_RBF,0.7005764418947846,0.004965215527189061,0.7012865608493744,0.004825802567549642,pink,0.0,none
RF,0.8369985039650316,0.005011636548504417,0.8369191345734317,0.004948855313737065,pink,0.0,none
LDA,0.3153221299415895,0.006275599329563461,0.3127180965738268,0.006113059698929409,pink,0.0,notch
SVM_RBF,0.7015052767534106,0.0036102613998817527,0.7023055728187643,0.003431303018748199,pink,0.0,notch
RF,0.8336930043118507,0.005071133137333745,0.8336865030833026,0.005047369728436188,pink,0.0,notch
LDA,0.28923428656794753,0.005122903151499519,0.28435938361813295,0.005187361912034537,pink,0.0,wavelet
SVM_RBF,0.6109763492754564,0.006739703262351723,0.6114978869394089,0.006422050443859401,pink,0.0,wavelet
RF,0.7551562501574033,0.004340812564798607,0.7552742810387485,0.004144573375939563,pink,0.0,wavelet
LDA,0.3030022705987994,0.008844503040191772,0.29998115000019315,0.008434856035264887,pink,0.0,kalman
SVM_RBF,0.6987189736536739,0.0030275352641566202,0.6993962721833417,0.002886709205272002,pink,0.0,kalman
RF,0.7838120599215415,0.005771509093096979,0.7837047934377743,0.005567670773486826,pink,0.0,kalman
LDA,0.28658458056081326,0.003521861584028421,0.28211911660370037,0.0031540340568872284,pink,0.0,pca
SVM_RBF,0.6327480438998602,0.005707623377264066,0.6338136067792363,0.005446037614797542,pink,0.0,pca
RF,0.7704536955406727,0.00451798668001744,0.7706333159958073,0.004468321368065517,pink,0.0,pca
LDA,0.3074001403094771,0.004603208199555517,0.30398514519107617,0.004427219044387218,pink,-5.0,none
SVM_RBF,0.6980634822218386,0.005857302975372884,0.6988128536567288,0.005726320218997969,pink,-5.0,none
RF,0.8281750242638836,0.0038353608180581433,0.828069038621533,0.00383964495901608,pink,-5.0,none
LDA,0.3049961531115696,0.005236225045002639,0.3017544641855103,0.005082152097726303,pink,-5.0,notch
SVM_RBF,0.6963152327043833,0.00510791525739378,0.6970260542654272,0.00497404459734913,pink,-5.0,notch
RF,0.8272462565639713,0.005065848684849643,0.8272466326652929,0.005003872111657158,pink,-5.0,notch
LDA,0.29202061205392205,0.004589021096160737,0.28715784691097923,0.004397054040014054,pink,-5.0,wavelet
SVM_RBF,0.6458056379814762,0.005341486239210336,0.6464991813219291,0.004999009857861389,pink,-5.0,wavelet
RF,0.7911602081935047,0.0043144848261090765,0.7910726605160603,0.004400123361845365,pink,-5.0,wavelet
LDA,0.2960363225664359,0.002871707659411383,0.2913389805153649,0.003134716560084066,pink,-5.0,kalman
SVM_RBF,0.6997841966666819,0.005240935266161033,0.7004195355698227,0.005142936523477032,pink,-5.0,kalman
RF,0.8009943220665512,0.004693860679961359,0.8009521439048765,0.004649858381647899,pink,-5.0,kalman
LDA,0.2780341084928872,0.0027864788371084496,0.27256707891325777,0.0028678686619927397,pink,-5.0,pca
SVM_RBF,0.6329666417818759,0.0061937066832450415,0.6340840525502711,0.005881030760850096,pink,-5.0,pca
RF,0.7590353076117201,0.004605649618998109,0.7591030440589659,0.0046888729880540155,pink,-5.0,pca
LDA,0.3703661690815385,0.004731010518502504,0.3690121347642048,0.004502714321005121,hum,0.1,none
SVM_RBF,0.7278118784437729,0.004775868918187106,0.7285538121188306,0.004557328772781888,hum,0.1,none
RF,0.9145794068027524,0.005505924033824406,0.9145365855332331,0.005523058519392103,hum,0.1,none
LDA,0.36460215308597455,0.005947850336274846,0.363374013796203,0.005811863176018797,hum,0.1,notch
SVM_RBF,0.7237688567210258,0.003992789710128519,0.7245506864534541,0.0037922367489036223,hum,0.1,notch
RF,0.9140330184323432,0.003183754365757074,0.9140055864307381,0.003157556908128734,hum,0.1,notch
LDA,0.2895623382291165,0.0081272513024826,0.28674050627358494,0.00804294193675333,hum,0.1,wavelet
SVM_RBF,0.5398968128750419,0.007439249624546871,0.5397246792959656,0.00718107857611149,hum,0.1,wavelet
RF,0.6544649892484495,0.005538124589070476,0.6546415492471984,0.0055602255742880375,hum,0.1,wavelet
LDA,0.3430763563607007,0.005748934756507033,0.3420820626662989,0.0059515989989406435,hum,0.1,kalman
SVM_RBF,0.7284673698756082,0.0027575435214793223,0.7292204654288836,0.002512219271827149,hum,0.1,kalman
RF,0.8041905918029582,0.0040430951284329275,0.8044951765069073,0.004019090695650934,hum,0.1,kalman
LDA,0.3201026886580611,0.007490232204531807,0.3171170282390013,0.0073999536531712245,hum,0.1,pca
SVM_RBF,0.6544926250591323,0.007275435817871561,0.6562722418151886,0.007085544639093878,hum,0.1,pca
RF,0.8648073416114904,0.002938537889586915,0.8650035839773953,0.002984406182282316,hum,0.1,pca
LDA,0.3635642636694379,0.004650777174970936,0.36227625920310014,0.00430643616222395,hum,0.3,none
SVM_RBF,0.7258996012302135,0.003909219404864834,0.7264817297139012,0.0037189465565101863,hum,0.3,none
RF,0.9051275827142575,0.0036455038969930116,0.9050664569839892,0.0036238453689600597,hum,0.3,none
LDA,0.3629085819545804,0.005864331655729864,0.3615877305034374,0.005517494201135921,hum,0.3,notch
SVM_RBF,0.7237415455107926,0.003704366532016908,0.7243324141321771,0.0036030060296423977,hum,0.3,notch
RF,0.9109189696166891,0.005738209989278798,0.9108402076485073,0.005766032507334506,hum,0.3,notch
LDA,0.28928921120262563,0.007218046533373585,0.2864599691392823,0.007425110484189066,hum,0.3,wavelet
SVM_RBF,0.5345973448951785,0.00878382269891138,0.5345354716370178,0.008470046375362526,hum,0.3,wavelet
RF,0.644275896801085,0.009067562385513065,0.6443730408579583,0.008913172362568925,hum,0.3,wavelet
LDA,0.3414373666083369,0.005713116986714678,0.3402582563232516,0.005936926058048165,hum,0.3,kalman
SVM_RBF,0.7247796252103513,0.0036510079036242973,0.7254050262659649,0.003347484587843941,hum,0.3,kalman
RF,0.8033164204062349,0.005440968233099109,0.8034871593389703,0.005330671013488767,hum,0.3,kalman
LDA,0.31931054416802873,0.00836092033713876,0.3160920226119174,0.008381362882198132,hum,0.3,pca
SVM_RBF,0.6530447876611236,0.007514483822334197,0.6545955966839546,0.007298535598311403,hum,0.3,pca
RF,0.8557927319422252,0.004002407520937683,0.8560260299834491,0.003945131351074673,hum,0.3,pca
LDA,0.35422168442187596,0.007048915550259357,0.3528921146956102,0.007050806905401671,hum,0.6,none
SVM_RBF,0.7209006274526688,0.005441303009490777,0.7214798317199076,0.005199734045429215,hum,0.6,none
RF,0.8839841914357642,0.005418730184001464,0.8839139176760493,0.0053860912479921225,hum,0.6,none
LDA,0.36102378384803835,0.0061917730511484095,0.35973680865984103,0.0060064788745725385,hum,0.6,notch
SVM_RBF,0.7204635771991839,0.005255800721655393,0.721081466143548,0.005001560015464457,hum,0.6,notch
RF,0.8991450397264312,0.004047128713350594,0.8991973798372411,0.004033630718454664,hum,0.6,notch
LDA,0.2829241247195517,0.006492144463888897,0.2800781114135102,0.006639969401008205,hum,0.6,wavelet
SVM_RBF,0.5244898278987071,0.008617688182788135,0.5247709700852266,0.008548074973341997,hum,0.6,wavelet
RF,0.6301257050685539,0.009718581325753565,0.6302561759375311,0.009421664568619639,hum,0.6,wavelet
LDA,0.3379680444662321,0.006277892403660165,0.33681299253378355,0.006293870156639753,hum,0.6,kalman
SVM_RBF,0.7169943072916342,0.005359102155213713,0.7176793448260284,0.005123389075795177,hum,0.6,kalman
RF,0.7937280365355341,0.006542755743022474,0.793946679822561,0.006484256581231914,hum,0.6,kalman
LDA,0.3281615290934719,0.006323430350486099,0.3254348283608566,0.0058566453495811814,hum,0.6,pca
SVM_RBF,0.6571694706486759,0.005915470530438622,0.6584380252683724,0.005651487422368017,hum,0.6,pca
RF,0.8628406098742488,0.005177400989168038,0.8630823915595285,0.005080266085641944,hum,0.6,pca
LDA,0.34758367985053157,0.0060684743951471614,0.34602609144433877,0.006236306042280779,hum,1.0,none
SVM_RBF,0.7153551906839224,0.003806167935887608,0.7159679962899757,0.003575654886837966,hum,1.0,none
RF,0.8649167207698507,0.00530747004515454,0.8648582704567724,0.005330760916257871,hum,1.0,none
LDA,0.3528011283857832,0.006667163584036029,0.3511254521584352,0.0067400845501731374,hum,1.0,notch
SVM_RBF,0.7162566658287995,0.00396744582201638,0.7169386404952218,0.0037097316489012612,hum,1.0,notch
RF,0.8861968807687702,0.005461942449765922,0.8861948608388067,0.005494510203807004,hum,1.0,notch
LDA,0.2851368364387958,0.007337050130194472,0.28187597222870076,0.007197303532952158,hum,1.0,wavelet
SVM_RBF,0.5152020053890392,0.007746220284583597,0.5155545674060458,0.007707463801277606,hum,1.0,wavelet
RF,0.6220671369990375,0.011071575187155526,0.622177633399564,0.010659687381432845,hum,1.0,wavelet
LDA,0.3328869505060055,0.006920340128005116,0.3312674989781985,0.007105290497178396,hum,1.0,kalman
SVM_RBF,0.7078976781777573,0.005876980551228253,0.7087719532325473,0.005466529885230878,hum,1.0,kalman
RF,0.7887289993303157,0.0043138570291006454,0.7889459562212752,0.004173111958304037,hum,1.0,kalman
LDA,0.3402080188921938,0.006290611257132584,0.3385561446309845,0.005873095533619694,hum,1.0,pca
SVM_RBF,0.6679870903043301,0.004026744602945138,0.6690069839818295,0.0037887409158214613,hum,1.0,pca
RF,0.8797772949895382,0.004215803315886898,0.879980584571195,0.0042160217784008745,hum,1.0,pca
LDA,0.36979245084569795,0.006110049064896356,0.368528339923451,0.006209788668173261,drift,0.1,none
SVM_RBF,0.7258176489443153,0.0040703771226040415,0.7266414629136958,0.003896257684681325,drift,0.1,none
RF,0.917638930204971,0.005282965525956313,0.9175331664171278,0.005284342663250776,drift,0.1,none
LDA,0.36528497811428107,0.00696042696869812,0.36409961861523554,0.0066917135047313975,drift,0.1,notch
SVM_RBF,0.7244244862013283,0.005076350624475024,0.7252668812192482,0.004901723467310057,drift,0.1,notch
RF,0.9131862925632805,0.005726114969482261,0.9130748256322432,0.00570776476683774,drift,0.1,notch
LDA,0.28592910778417624,0.0074529003211327915,0.28268875264531446,0.007778004993037702,drift,0.1,wavelet
SVM_RBF,0.5421367425285278,0.00557740050612639,0.5418917668501564,0.005330938948594188,drift,0.1,wavelet
RF,0.6508592864140421,0.006176680415602441,0.6511875667429029,0.005950589335564448,drift,0.1,wavelet
LDA,0.34028992640561606,0.004187593110960396,0.33909436830737366,0.004311839184292506,drift,0.1,kalman
SVM_RBF,0.727893744915759,0.003228478467953344,0.7285553657198818,0.0030387775203453544,drift,0.1,kalman
RF,0.7878001868579277,0.006684576119081168,0.7881195139561706,0.006590185218575863,drift,0.1,kalman
LDA,0.3194744412777452,0.005997019346134155,0.31638781554882855,0.00589789050505868,drift,0.1,pca
SVM_RBF,0.6541921868224083,0.007763240911998278,0.6558509666800332,0.007444768608365311,drift,0.1,pca
RF,0.8681674375678605,0.004150355835784246,0.8683390648598609,0.004272020140134635,drift,0.1,pca
LDA,0.359548564350043,0.00560082567257505,0.3580937546374213,0.005596885944972422,drift,0.3,none
SVM_RBF,0.7268010465267734,0.0038907784723582342,0.7276142403702204,0.0036933448974424666,drift,0.3,none
RF,0.9035432750789946,0.005558522983409575,0.9035507624576559,0.00550305596631433,drift,0.3,none
LDA,0.35990364739347147,0.00616385929660295,0.35881540534358136,0.005894467903626049,drift,0.3,notch
SVM_RBF,0.7240966882508554,0.0048498659996026325,0.7249297111162468,0.004656382242490515,drift,0.3,notch
RF,0.899773499776007,0.004536775474777905,0.899770213938476,0.004526228917075062,drift,0.3,notch
LDA,0.2946977859749548,0.006212528028760265,0.29148120770924313,0.006012910175615441,drift,0.3,wavelet
SVM_RBF,0.5531730011076338,0.006389367184881157,0.5533122310402337,0.006294435044898509,drift,0.3,wavelet
RF,0.6766193057199338,0.0059209869929962924,0.676994454108619,0.005573022434013362,drift,0.3,wavelet
LDA,0.33223148146040804,0.005303107366706144,0.33079161871580454,0.0053502806206139975,drift,0.3,kalman
SVM_RBF,0.723031248837548,0.00227949103567545,0.7236748319790131,0.00223422404952504,drift,0.3,kalman
RF,0.774769978607338,0.004841106507568189,0.7750633946353376,0.004763110600891497,drift,0.3,kalman
LDA,0.3145300227619536,0.007381809553892581,0.31115987259893674,0.006985345619280638,drift,0.3,pca
SVM_RBF,0.6543287204873364,0.007380784522134874,0.655959183538756,0.007088661309182959,drift,0.3,pca
RF,0.8604913346417591,0.003625282575518483,0.8606692115898877,0.003623443030312529,drift,0.3,pca
LDA,0.35017867762328747,0.007923087027896878,0.3490019335897195,0.007918171646479415,drift,0.6,none
SVM_RBF,0.726008838609067,0.004082926243190412,0.726842025126528,0.003838275869128622,drift,0.6,none
RF,0.8813070697492865,0.005458879536379554,0.881356525260539,0.005396652905250791,drift,0.6,none
LDA,0.34408699053259884,0.003752845421092189,0.3428677317464924,0.003906435959967501,drift,0.6,notch
SVM_RBF,0.723359140064012,0.004310841591360977,0.7242044823577922,0.004144794627178772,drift,0.6,notch
RF,0.8776191833045228,0.003228927044498469,0.8777298919344416,0.003205264274847939,drift,0.6,notch
LDA,0.30319350503602677,0.008220472732538932,0.29971066735652563,0.008823775596322383,drift,0.6,wavelet
SVM_RBF,0.5774853024087853,0.007376344960965809,0.5777713917030336,0.006854947163900944,drift,0.6,wavelet
RF,0.7338488796863211,0.007376449371429809,0.7345390098560636,0.007245005497788933,drift,0.6,wavelet
LDA,0.328980798241755,0.003527950408082596,0.3276035248076663,0.0036953727180114707,drift,0.6,kalman
SVM_RBF,0.7220751661963629,0.0033074654295976603,0.7226733973099174,0.0030981590759696464,drift,0.6,kalman
RF,0.7865983107867229,0.0050767651270443425,0.7868574250536703,0.004952012432220009,drift,0.6,kalman
LDA,0.3050510105875339,0.005647598243640896,0.30138149393903013,0.00533033792239298,drift,0.6,pca
SVM_RBF,0.652880953979081,0.007944104598118094,0.6545702795406844,0.00765677772586358,drift,0.6,pca
RF,0.8356599449873128,0.0040619389657598455,0.835823046266402,0.00407252871887229,drift,0.6,pca
LDA,0.34171035931740035,0.006092022983541912,0.33995334156807216,0.0059979960978781425,drift,1.0,none
SVM_RBF,0.7246156870591987,0.0041342316767324075,0.7253916526940299,0.003969654460930111,drift,1.0,none
RF,0.8644249175095116,0.005516483626716424,0.8644231445811889,0.005526334599255722,drift,1.0,none
LDA,0.34034448539840845,0.004539648028876808,0.33861594751030644,0.004906807611505359,drift,1.0,notch
SVM_RBF,0.7234684184843017,0.0042209715241943975,0.7243130398056287,0.004136909479736526,drift,1.0,notch
RF,0.8637148185813684,0.0059003118776517925,0.8638232441060005,0.005732375739829353,drift,1.0,notch
LDA,0.3068811265769752,0.004331088015109083,0.30337454842139766,0.004350334141235524,drift,1.0,wavelet
SVM_RBF,0.6025076578656042,0.006274735243076131,0.6030221791204166,0.006084887458988027,drift,1.0,wavelet
RF,0.7692244373694812,0.0035285376594572596,0.7697343626890049,0.0035414765211474073,drift,1.0,wavelet
LDA,0.3253201745037092,0.005278836439393833,0.3234360786128243,0.00540720596178443,drift,1.0,kalman
SVM_RBF,0.7177590622196006,0.003336943237569105,0.7183823534154203,0.003158834824797829,drift,1.0,kalman
RF,0.8059117353173608,0.0068915818593132646,0.8061152035366475,0.0067650906777751915,drift,1.0,kalman
LDA,0.3003251899537579,0.008563685656774242,0.29648634153597275,0.00812869233723771,drift,1.0,pca
SVM_RBF,0.6448223784474852,0.007545747118975776,0.6463402316875551,0.007227972717304708,drift,1.0,pca
RF,0.8006939211402238,0.00575101614560826,0.801104178013292,0.0056134794355314765,drift,1.0,pca
LDA,0.36807133344857274,0.006768434513950282,0.3666448028489577,0.006479297051455702,motion,0.1,none
SVM_RBF,0.7242059517469865,0.003717213950576611,0.7250747476582416,0.003582004637886054,motion,0.1,none
RF,0.9103998514150771,0.004460524927091202,0.9103579287986022,0.004430189912077112,motion,0.1,none
LDA,0.3644382485141788,0.006102318228567383,0.36326397859075205,0.005801671138552341,motion,0.1,notch
SVM_RBF,0.7229220823484476,0.004337296642720978,0.7236983158291194,0.004242378685090232,motion,0.1,notch
RF,0.9062749632203438,0.004531096054379946,0.9061193912673534,0.004497841131354462,motion,0.1,notch
LDA,0.2860927959556724,0.006373167975938919,0.2834818842007732,0.006509219568097379,motion,0.1,wavelet
SVM_RBF,0.5359904106311347,0.007318637136433765,0.5360198284865945,0.006773121511607909,motion,0.1,wavelet
RF,0.6489743838383898,0.004189015521598103,0.6489858645062642,0.00402384569887346,motion,0.1,wavelet
LDA,0.3420109579888294,0.005180212605374131,0.34088300202879784,0.004989187369867372,motion,0.1,kalman
SVM_RBF,0.726691689754651,0.0022617876537646864,0.7274182104528218,0.0020846130342617045,motion,0.1,kalman
RF,0.7995739824307583,0.0046805682186835,0.79984643397319,0.004582999553657006,motion,0.1,kalman
LDA,0.31526757094879704,0.007286499181013397,0.3122206666182059,0.0074887068324916185,motion,0.1,pca
SVM_RBF,0.6526351605490612,0.007768922176127112,0.6543753809587267,0.007560681274985893,motion,0.1,pca
RF,0.8572678656263086,0.00338768738089041,0.8573922741435089,0.003312617982302499,motion,0.1,pca
LDA,0.3479935681353693,0.004407218271734619,0.3465254887728867,0.004369410321229269,motion,0.3,none
SVM_RBF,0.7132244387126556,0.0037052902814998807,0.7139897261087376,0.003599091005232022,motion,0.3,none
RF,0.8688231640551939,0.006422524330593125,0.8688300797851362,0.006363401819976074,motion,0.3,none
LDA,0.3483211422234631,0.006144471847324215,0.3466343704080552,0.0059171847527167785,motion,0.3,notch
SVM_RBF,0.7102194705721896,0.004150804934476184,0.7109446491363579,0.004048127257003603,motion,0.3,notch
RF,0.8658729228043047,0.005960026364219738,0.8658328210878226,0.005957723410117776,motion,0.3,notch
LDA,0.27609486705578173,0.005687304781667101,0.27259056821483474,0.0053160920667345134,motion,0.3,wavelet
SVM_RBF,0.5232334040278289,0.005129887980341982,0.5228752182193841,0.005026998518101923,motion,0.3,wavelet
RF,0.6293062419062091,0.006092325112818139,0.6292579114572525,0.00634579780970204,motion,0.3,wavelet
LDA,0.32635819450663367,0.005104221487683541,0.3245242889771966,0.0048031008411407936,motion,0.3,kalman
SVM_RBF,0.7121043768788816,0.002085672350122665,0.7126810907371428,0.0019347641248781049,motion,0.3,kalman
RF,0.7757260276691662,0.004213986153526241,0.7758531756848676,0.004070822980846827,motion,0.3,kalman
LDA,0.2963912824855559,0.009673406120005463,0.29190981049104686,0.009176191598670093,motion,0.3,pca
SVM_RBF,0.6414622675669566,0.005514912734714385,0.6430148067515006,0.00535324943728931,motion,0.3,pca
RF,0.8063758430703828,0.0040517925307509434,0.8066202211987822,0.0039293082567283194,motion,0.3,pca
LDA,0.31862748781526395,0.0056276657300387166,0.31668265339570034,0.00545042977829851,motion,0.6,none
SVM_RBF,0.697762932053925,0.004365097884340588,0.6984970859678892,0.0041918837290820556,motion,0.6,none
RF,0.8170021760542546,0.004040177573796862,0.817046823946766,0.004013135212048916,motion,0.6,none
LDA,0.3173708512751257,0.008365102901860657,0.3149979416371637,0.008402960451301345,motion,0.6,notch
SVM_RBF,0.6921901206472711,0.004343614613035806,0.6928466465136622,0.004197417858535512,motion,0.6,notch
RF,0.8143251028712924,0.005835509535682669,0.8142835412057557,0.005711097579449739,motion,0.6,notch
LDA,0.26770841522188066,0.007058858641434914,0.2635886989872784,0.007412282233869621,motion,0.6,wavelet
SVM_RBF,0.5171416796267437,0.012002017000850185,0.5167716288018332,0.01199909955057027,motion,0.6,wavelet
RF,0.6154561600789129,0.006151788251425315,0.6150967961467382,0.005941508875977246,motion,0.6,wavelet
LDA,0.3071543244932194,0.004878188211341038,0.304191956050322,0.004469196845195746,motion,0.6,kalman
SVM_RBF,0.6950858402157645,0.004414183401114671,0.6957599280579123,0.004111885502786715,motion,0.6,kalman
RF,0.7492830229002633,0.006144486885932023,0.7494855607402091,0.006077482063141045,motion,0.6,kalman
LDA,0.2737726829021862,0.004307024762701141,0.2678358187775677,0.0036382484294836927,motion,0.6,pca
SVM_RBF,0.6224494640939856,0.004897046282251248,0.6235987774502993,0.004855718797641606,motion,0.6,pca
RF,0.7504576176095521,0.004485821537378212,0.7506555254321793,0.004464237703584463,motion,0.6,pca
LDA,0.29917767513024407,0.004302387032929433,0.29595162797525976,0.004111900151649649,motion,1.0,none
SVM_RBF,0.6783404417722572,0.006772784968256411,0.6791489024465177,0.006448397775876521,motion,1.0,none
RF,0.7884286581006225,0.006393091714379006,0.7885176282494037,0.0063589332660240055,motion,1.0,none
LDA,0.2970194925554753,0.008486842029654227,0.29390634484548267,0.008495773587902333,motion,1.0,notch
SVM_RBF,0.6757997903230338,0.0031689231011873304,0.6766419751433894,0.0028057236927215823,motion,1.0,notch
RF,0.784330980378052,0.005017473649661053,0.7843294735557237,0.0049783772183486594,motion,1.0,notch
LDA,0.25784670284854805,0.005199848747509378,0.252718016975015,0.00475640033731509,motion,1.0,wavelet
SVM_RBF,0.510940855895272,0.007059199081757782,0.5102695206697538,0.006780848599912377,motion,1.0,wavelet
RF,0.6079441482765899,0.008087046718458283,0.6072311976999283,0.008084697488678782,motion,1.0,wavelet
LDA,0.2950800645663873,0.006565399037802618,0.29149469536257344,0.006803534610891497,motion,1.0,kalman
SVM_RBF,0.689922857397314,0.004715404420583043,0.6905934601730557,0.004395317979202409,motion,1.0,kalman
RF,0.7333025323573481,0.007928106191956302,0.7335218092599162,0.007651346631879065,motion,1.0,kalman
LDA,0.25964976506949194,0.006268801771346067,0.2527974546950293,0.005797670558536531,motion,1.0,pca
SVM_RBF,0.6096375925526358,0.004623292378289296,0.6108215725200126,0.00428469675929682,motion,1.0,pca
RF,0.7186329127469142,0.0046961786614716505,0.7187100852109676,0.004534926978159423,motion,1.0,pca
LDA,0.371868584127538,0.005811868786344758,0.37065897721229846,0.005739805437697771,spikes,0.1,none
SVM_RBF,0.7263640186595263,0.004309984319960976,0.7271629137184021,0.00421990741333267,spikes,0.1,none
RF,0.9176389451291296,0.004872610761181847,0.9175750421769726,0.004874345391449119,spikes,0.1,none
LDA,0.36454748216199273,0.005501069020177972,0.36331635804877455,0.005372719269083477,spikes,0.1,notch
SVM_RBF,0.7238508313931616,0.003923066094212772,0.7246681034637541,0.0037323692435974843,spikes,0.1,notch
RF,0.9116018431485108,0.005962976471733978,0.911544442108546,0.005936268950990207,spikes,0.1,notch
LDA,0.2864480021234093,0.007680036088444429,0.28342228595342556,0.008133248288912586,spikes,0.1,wavelet
SVM_RBF,0.5373835882982807,0.006425049938519759,0.5371240107712989,0.006328863664424825,spikes,0.1,wavelet
RF,0.6567598136882965,0.00918103438428578,0.6568807149054099,0.008999772771281191,spikes,0.1,wavelet
LDA,0.3445787229031846,0.005463923586197376,0.34355407302031815,0.005531850094530791,spikes,0.1,kalman
SVM_RBF,0.7275113021585818,0.003969391723529803,0.7282620329359427,0.0037915002079540183,spikes,0.1,kalman
RF,0.8043271105437277,0.0039170736643430685,0.8046121877205883,0.00392708723427766,spikes,0.1,kalman
LDA,0.3189280193279793,0.007444098967312727,0.31568357939189473,0.007036512134962456,spikes,0.1,pca
SVM_RBF,0.6536731656278271,0.007906963671451304,0.6553150541763166,0.007670215490879156,spikes,0.1,pca
RF,0.8644249063163926,0.003973882891677819,0.8646918293799878,0.00394618090211773,spikes,0.1,pca
LDA,0.36348215841091436,0.006745603806584147,0.36223315522143984,0.006542213613454167,spikes,0.3,none
SVM_RBF,0.7216108010016051,0.004175153150806606,0.722337860434304,0.00391878987336454,spikes,0.3,none
RF,0.8995550100941412,0.0047353909058429995,0.8995000944120919,0.004678213227111596,spikes,0.3,none
LDA,0.3582919949686184,0.005193615629990816,0.356913896783677,0.005206982517465486,spikes,0.3,notch
SVM_RBF,0.7211191432518123,0.005435195450778919,0.7218145430151379,0.005292797606873172,spikes,0.3,notch
RF,0.8936271828027726,0.0049249390161290015,0.893618492161132,0.004838659127827894,spikes,0.3,notch
LDA,0.28300595761218095,0.004995620331737681,0.2799826503953916,0.004905175427919191,spikes,0.3,wavelet
SVM_RBF,0.5272763884401795,0.006340708509528517,0.5271492523265044,0.006138375432304592,spikes,0.3,wavelet
RF,0.6411616539713689,0.007607325296439561,0.641162141705822,0.0075321946644359376,spikes,0.3,wavelet
LDA,0.3380498624347026,0.007468811052308993,0.3368813688666219,0.007655903265552373,spikes,0.3,kalman
SVM_RBF,0.721419372550316,0.0014132663552713473,0.7221853725984158,0.001422189616078774,spikes,0.3,kalman
RF,0.7896577371819107,0.005296399528100059,0.7899320979955456,0.0052177716812376205,spikes,0.3,kalman
LDA,0.3098313491726662,0.00716500854668554,0.30603643327214536,0.006713811049834691,spikes,0.3,pca
SVM_RBF,0.6472263917626704,0.009061816527103446,0.6487686068567273,0.008807407691041616,spikes,0.3,pca
RF,0.8427076512915125,0.004664742394423557,0.8429829814634215,0.004586118355402583,spikes,0.3,pca
LDA,0.34747434919568676,0.006427833162499595,0.34603428651491835,0.006185927395727459,spikes,0.6,none
SVM_RBF,0.7086624442988427,0.003311918904421696,0.7093082034371803,0.0033065634598341805,spikes,0.6,none
RF,0.8627860023779407,0.0045196707584543565,0.862699970973806,0.0044980020331876185,spikes,0.6,none
LDA,0.34203826173698326,0.005853898823679542,0.3406667974725538,0.0057479477898230965,spikes,0.6,notch
SVM_RBF,0.7059854681229114,0.005517105663313108,0.7067226444286991,0.005492739559569444,spikes,0.6,notch
RF,0.8601088321879476,0.004910684230293233,0.8601175643219572,0.0048548951404415565,spikes,0.6,notch
LDA,0.27573966088804486,0.0052736080780246,0.27230757417484275,0.005144336993149468,spikes,0.6,wavelet
SVM_RBF,0.5244081517097434,0.006130278345649017,0.5243958987968864,0.006120602260831494,spikes,0.6,wavelet
RF,0.6260281728565299,0.006832623816057364,0.6259265868245318,0.006820636532962236,spikes,0.6,wavelet
LDA,0.31974741160057085,0.006552240927238642,0.3174805211424586,0.0067232647194381025,spikes,0.6,kalman
SVM_RBF,0.7081980492557676,0.004058002202926067,0.7087541643088315,0.0038818618531181433,spikes,0.6,kalman
RF,0.7649357042995867,0.003570978494696652,0.7651649313384421,0.003493784054510641,spikes,0.6,kalman
LDA,0.29562653501966873,0.0065369561557788985,0.29144675922898466,0.006054918907521791,spikes,0.6,pca
SVM_RBF,0.6382115246516692,0.005217299627542145,0.6395916046346459,0.0050812927802609984,spikes,0.6,pca
RF,0.796241179029423,0.0035293248229361857,0.7964061738689046,0.0034402865305603303,spikes,0.6,pca
LDA,0.3256753582852082,0.005962953996243698,0.3235314465456126,0.005896154629412133,spikes,1.0,none
SVM_RBF,0.6940205985475585,0.006071655383078541,0.6946595406747569,0.00585960118408179,spikes,1.0,none
RF,0.8217009914230488,0.006044508835523714,0.8216391634985627,0.005982534096742883,spikes,1.0,none
LDA,0.3196655488596245,0.0083390830533814,0.31788102355026204,0.008423727183025706,spikes,1.0,notch
SVM_RBF,0.6930642621956773,0.0019152755603107374,0.693908793212392,0.001700370490848707,spikes,1.0,notch
RF,0.8195154976380467,0.0044809302237531,0.8195571283286764,0.004343574227178745,spikes,1.0,notch
LDA,0.26759928604317684,0.007413391332423664,0.26358222459569564,0.006741847058971628,spikes,1.0,wavelet
SVM_RBF,0.5265113387600808,0.003690002810276939,0.5262071265823566,0.0034328569688538957,spikes,1.0,wavelet
RF,0.6203459748294364,0.00566367012442059,0.6199389307295309,0.005603594745877982,spikes,1.0,wavelet
LDA,0.30764607551900347,0.004449804495178179,0.30543765922108956,0.0045957857037968505,spikes,1.0,kalman
SVM_RBF,0.6925999193871574,0.00317124983166505,0.6931420226334041,0.0030859508821038245,spikes,1.0,kalman
RF,0.7401316818209682,0.005469546093690159,0.7403522375815613,0.005323543519517057,spikes,1.0,kalman
LDA,0.27724196773389453,0.0033775240941588468,0.27200449012096756,0.0033637542713889504,spikes,1.0,pca
SVM_RBF,0.6210290908788356,0.00618123663517129,0.6222909965522397,0.005905601061598707,spikes,1.0,pca
RF,0.7531617781403684,0.004571552237883843,0.753633625826359,0.004460567287598082,spikes,1.0,pca

[INFO] Saved robustness + denoise result table to report\robust_db5_noise.csv
     model  acc_mean   acc_std  macro_f1_mean  macro_f1_std  noise  level denoise
0      LDA  0.377031  0.008123       0.375997      0.007888  clean    0.0    none
1  SVM_RBF  0.725927  0.004064       0.726739      0.003912  clean    0.0    none
2       RF  0.920780  0.004725       0.920732      0.004709  clean    0.0    none
3      LDA  0.369547  0.004867       0.368054      0.004874    wgn   20.0    none
4  SVM_RBF  0.724971  0.003443       0.725727      0.003254    wgn   20.0    none